{"cameraMode":{"drawMode":0,"name":"Shaded","section":"Shading Mode"},"sceneLighting":false,"audioPlay":false,"sceneViewState":{"showFog":true,"showMaterialUpdate":false,"showSkybox":false,"showFlares":true,"showImageEffects":true,"showParticleSystems":true},"in2DMode":false,"pivot":{"x":-0.2999999523162842,"y":1.0299999713897706,"z":8.300000190734864},"rotation":{"x":0.4427467882633209,"y":0.19076886773109437,"z":-0.09700559079647064,"w":0.8707513809204102},"size":1.4145317077636719,"orthographic":false}