{"cameraMode":{"drawMode":0,"name":"Shaded","section":"Shading Mode"},"sceneLighting":true,"audioPlay":false,"sceneViewState":{"showFog":true,"showMaterialUpdate":false,"showSkybox":true,"showFlares":true,"showImageEffects":true,"showParticleSystems":true},"in2DMode":false,"pivot":{"x":-57.46088409423828,"y":-31.04623794555664,"z":90.08849334716797},"rotation":{"x":0.27784988284111025,"y":0.6149209141731262,"z":-0.24547885358333589,"w":0.6960439085960388},"size":90.6058578491211,"orthographic":false}