{"cameraMode":{"drawMode":0,"name":"Shaded","section":"Shading Mode"},"sceneLighting":true,"audioPlay":false,"sceneViewState":{"showFog":true,"showMaterialUpdate":false,"showSkybox":true,"showFlares":true,"showImageEffects":true,"showParticleSystems":true},"in2DMode":false,"pivot":{"x":100.12999725341797,"y":1.1549999713897706,"z":-355.0},"rotation":{"x":0.27784988284111025,"y":0.6149209141731262,"z":-0.24547885358333589,"w":0.6960439085960388},"size":7.365479946136475,"orthographic":false}