{"cameraMode":{"drawMode":0,"name":"Shaded","section":"Shading Mode"},"sceneLighting":true,"audioPlay":false,"sceneViewState":{"showFog":true,"showMaterialUpdate":false,"showSkybox":true,"showFlares":true,"showImageEffects":true,"showParticleSystems":true},"in2DMode":false,"pivot":{"x":99.65792083740235,"y":4.232856750488281,"z":-348.1351013183594},"rotation":{"x":0.22684668004512788,"y":0.4253172278404236,"z":-0.1110142394900322,"w":0.8691298365592957},"size":12.33200740814209,"orthographic":false}