{"cameraMode":{"drawMode":0,"name":"Shaded","section":"Shading Mode"},"sceneLighting":true,"audioPlay":false,"sceneViewState":{"showFog":true,"showMaterialUpdate":false,"showSkybox":true,"showFlares":true,"showImageEffects":true,"showParticleSystems":true},"in2DMode":false,"pivot":{"x":-162.1955108642578,"y":6.714365005493164,"z":0.9480381011962891},"rotation":{"x":-0.1200309470295906,"y":0.6799834966659546,"z":-0.11428339779376984,"w":-0.7142845988273621},"size":36.192718505859378,"orthographic":false}