{"cameraMode":{"drawMode":0,"name":"Shaded","section":"Shading Mode"},"sceneLighting":true,"audioPlay":false,"sceneViewState":{"showFog":true,"showMaterialUpdate":false,"showSkybox":true,"showFlares":true,"showImageEffects":true,"showParticleSystems":true},"in2DMode":false,"pivot":{"x":24.31304168701172,"y":-4.119075775146484,"z":-370.77166748046877},"rotation":{"x":0.1298062801361084,"y":-0.8377651572227478,"z":0.22672292590141297,"w":0.4795433580875397},"size":51.75029754638672,"orthographic":false}