{"cameraMode":{"drawMode":0,"name":"Shaded","section":"Shading Mode"},"sceneLighting":true,"audioPlay":false,"sceneViewState":{"showFog":true,"showMaterialUpdate":false,"showSkybox":true,"showFlares":true,"showImageEffects":true,"showParticleSystems":true},"in2DMode":false,"pivot":{"x":-426.4147033691406,"y":75.58915710449219,"z":12.897941589355469},"rotation":{"x":-0.07133577764034271,"y":-0.6887204647064209,"z":-0.06841344386339188,"w":0.7182735204696655},"size":173.5221405029297,"orthographic":false}