{"cameraMode":{"drawMode":0,"name":"Shaded","section":"Shading Mode"},"sceneLighting":true,"audioPlay":false,"sceneViewState":{"showFog":true,"showMaterialUpdate":false,"showSkybox":true,"showFlares":true,"showImageEffects":true,"showParticleSystems":true},"in2DMode":false,"pivot":{"x":27.70611572265625,"y":-24.382766723632814,"z":-327.8295593261719},"rotation":{"x":0.26330411434173586,"y":-0.5879223346710205,"z":0.21047474443912507,"w":0.735380232334137},"size":96.19078826904297,"orthographic":false}