{"cameraMode":{"drawMode":0,"name":"Shaded","section":"Shading Mode"},"sceneLighting":true,"audioPlay":false,"sceneViewState":{"showFog":true,"showMaterialUpdate":false,"showSkybox":true,"showFlares":true,"showImageEffects":true,"showParticleSystems":true},"in2DMode":false,"pivot":{"x":88.84500885009766,"y":1.8000305891036988,"z":-364.5691223144531},"rotation":{"x":0.22684668004512788,"y":0.4253172278404236,"z":-0.1110142394900322,"w":0.8691298365592957},"size":7.202061653137207,"orthographic":false}